0,Dwie Wieże Flanders Red Ale Red Wine Foeder Aged
0,Zamkowy Cieszyn Rye Wine Cieszyńskie
0,Palatum Cold Crush
0,Dwie Wieże Gruszka Morela Sour Ale
0,AleBrowar / BrauKunstKeller Herr Axolotl (Raspberry)
0,Golem Double Dybuk
0,Palatum Lapsus
0,The Garage Monks Redneck
0,Ziemia Obiecana Hallo Berlin!
0,Ziemia Obiecana Tak Trzeba Żyć
0,PiwoWarownia Czerwony Kapselek
0,Deer Bear Let's Cook Mango Gose
0,Podgórz Siostra Bożenka
0,Piwojad Blanka Pinot Blanc & Pinot Noir BA
0,Dugges Black Currant
0,Piwojad Czternastka
0,PINTA Go Deeper
0,Łańcut Flanders Brett
0,Brovca Atlantyk
0,Waszczukowe Porter z Puszczy
0,Hopium Dawid Hazylhopp
0,Łańcut Czarna Polewka
0,Rzeka Piwa Grim Beaver
0,Palatum Amicus Tropicus
0,Kingpin Señor Ehuehue
0,Harpagan Klątwa Masztalerza
0,Dwie Wieże RIS
0,Harpagan Kuracja Szamana
0,Golem Lilith Rum Barrel-Aged
0,Hopium Miroslav Gose
0,Kazimierz Mangoł
0,PINTA Parritapa
0,AleBrowar Brown Foot
0,Ziemia Obiecana Luis
1,Boon Oude Kriek
1,Dwie Wieże Flanders Red Ale Red Wine Foeder Aged
1,Dieu du Ciel! Aphrodisiaque
1,Artezan Too Young To Be Herod 2018
1,Pracownia Piwa Szkieletor
1,Hopium Miroslav Gose
1,Brokreacja Imperialny Nafciarz
1,PiwoWarownia Córka Młynarza
1,Tempest All The Leaves Are Brown Bourbon Barrel
1,Poličské Otakar Světlý Ležák 11°
1,Zubr Classic Tmavé
1,Fierce Imperial Cafe Racer
1,Vocation Love & Hate 7.2%
1,De Molen / Hair of the Dog Binkie Claws (2017) Bourbon BA
1,De Molen / Hair of the Dog Binkie Claws BA Almond 
1,Piwne Podziemie Dry Hopped Grapefruit
1,Pracownia Piwa Hadra
1,PiwoWarownia Oczy Bazyliszka
1,Poutnik Pelhrimov Světlý Ležák Prémium 12°
1,Łańcut Pospolite Ruszenie
1,Pracownia Piwa Wawelowe Porzeczkowe
1,Marble Ezekiel
1,Cloudwater MCR DIPA Citra BBC
1,Dunham Petit Bouddha
1,La Pirata / Les Trois Mousquetaires Barcelona Tropical
1,Brokreacja Devil Ink
1,Tenczynek Bock
1,The Kernel Biere de Saison - Damson
1,De Molen Hel & Verdoemenis Bowmore BA
1,Dolina BoBRU Trickster
1,To Øl Goliat Imperial Coffee Stout
1,Langier Beer Hazy Crazy
1,Podgórz Galaktyka Piwnix
1,Evil Twin Even More Coco Jesus 
1,AleSmith Speedway Stout - Hawaiian
1,The Kernel Imperial Brown Stout London 1856
1,Pracownia Piwa Tango z Mango
1,Zakładowy Mleczarz
1,Pracownia Piwa Hazy Side of Life
1,Piwne Podziemie Dry Hopped Pineapple
1,PiwoWarownia Koszałek Hopałek
1,Podgórz Owca Na Orbicie
1,Hopium Bruce Wheatlis
1,Dieu du Ciel! Péché Mortel Islay
1,Trzech Kumpli Pils
1,Põhjala Öö
1,La Pirata Liquid Fear
1,Birbant / Szpunt Telepathic
1,Gzub Melt
1,Zakładowy Kontenerowiec
1,PINTA / Bakunin Warsaw Express
1,Brokreacja The Dealer
1,Struise Randolique
1,Zakładowy 300% Normy
1,Brokreacja / Dukla Nafciarz Dukielski
1,Zakładowy Produkt Wzorcowy
1,Litovel Pšeničny Ležák
1,Bazyliszek Sen o Warszawie
1,Podgórz Space Sheep
1,Piwne Podziemie Superduper Session
1,PiwoWarownia Kawko i Mlekosz Nu Pagadi
1,Kingpin Beatnik
1,De Molen Amarillo
1,Zamkowy Cieszyn / PiwoWarownia Ziółka Dwa i Cztery Zboża
1,PiwoWarownia Blada Marija
1,PiwoWarownia Kawko i Mlekosz
1,Podgórz Luzy rajtuzy
1,Podgórz / Szałpiw Szał Ciał
1,Golem אובך אובך (Owech Hazy DIPA)
1,Pipeworks Mocha Abduction
1,Rockmill Episode 10: Rauchbock
1,Trzech Kumpli Feelin' Lucky
1,Wild Beer Sleeping Lemons
1,Brokreacja The Miner
1,AleSmith Old Numbskull
1,Cigar City Marshal Zhukov's Imperial Stout
1,Artezan Coffee Wołga
1,Les Trois Mousquetaires Porter Baltique
1,Brokreacja The Butcher
1,PiwoWarownia Rumpelszpunt
1,Artezan Dodo
1,Ziemia Obiecana Sydnej
1,Bednary Orzeszek
1,Cascade Manhattan NW
1,Prairie No Chill
1,Kormoran Imperium Prunum
1,Pracownia Piwa / Podgórz Baran z Jajem
1,Birbant Porter Bałtycki Klasyczny
1,Dziki Wschód Kwaśny Olek
1,Bednary Ale Ciacho! Special Edition
1,Solipiwko Baltic Abyss
1,Prairie Birthday Bomb!
1,Łańcut Trapper
2,PINTA Sangriale
2,Trzech Kumpli Brew Note
2,Pracownia Piwa Kwaśne Przygody Wiśnia
2,Trzech Kumpli Califia
2,Brooklyn Sorachi Ace
2,Przystanek Tlen Farmhouse Ale
2,Grodzisk / Live Oak Grodziskie Imperialne
2,Zamkowy Cieszyn Rye Wine Cieszyńskie
2,Schneider Weisse Tap 5 Meine Hopfen-Weisse
2,Rockmill Mystery
2,PINTA Fest Oktober
2,Tenczynek Pils
2,Paulaner Salvator
2,Nepomucen / Laugar Hogeita Bost
2,Piwne Podziemie Take It Easy (Mosaic)
2,Tiny Rebel Stay Puft Imperial Chocolate 
2,Wild Beer Beyond Modus IV
2,Podgórz Tatraman
2,PINTA Go Deeper
2,Sori Anniversary Barley Wine 2017
2,Omnipollo Noa Pecan Mud Cake
2,8 Wired Once Upon a Time in Blenheim
2,PINTA Pszeżytowies
2,PINTA FanTassie 
2,To Øl Sur Tangerine/Mosaic Lemonade
2,Pinta / O'Hara's Lublin to Dublin 2018
2,Sori Maximón
2,Nepomucen / Pinta Viva Śliwa
2,Łańcut / Pinta Kryształ
2,Łańcut Zawisza Czarny
2,HaandBryggeriet / Cervisiam / Frontaal Death by Disco
2,Gzub Easy
2,Piwne Podziemie Superduper Session
2,Aslin Gose (Blackberry & Raspberry)
2,Evil Twin Imperial Doughnut Break
2,Wild Beer Rooting Around - Autumn
2,Szałpiw Rubus Idaeus Maleficus
2,Struise Pannepot (10%)
2,De Molen Tsarina Esra Woodford Reserve BA
2,Hopium Marian Rye'ewski
2,Piwojad Muffin
2,Trzech Kumpli Idiota
2,Wild Beer / Hanging Bat / Blackfriars / Nanban Yadokai
2,Hopium Hanss Kłoss
2,Artezan Preparat
2,Artezan Wiewiór
2,Golem Sour Hazy Orange IPA
2,Browanza Bear with a beer
2,Dwie Wieże Saison Red Wine Barrel Aged
2,Artezan Samiec Alfa (Barrel Aged)
2,Salamander Oatmeal Chocolate Milk Stout Nitro
2,Kormoran Porter Warminski
2,Zakładowy Koktajl Towarzyski
2,Uiltje Schwarzwälderkirsch Cherry Oatmeal Sweet Stout
2,Wild Beer Evolver IPA
3,Kingpin Turbo Geezer
3,Pracownia Piwa LAB 25
3,Pracownia Piwa The Deer Hunter
3,Pracownia Piwa Tango z Mango
3,Rockmill Juicy Delight
3,Maryensztadt Projekt Barrel Aged Barley Wine Laphroaig Whisky
3,Magic Rock High Wire Grapefruit
3,PINTA Atak Chmielu
3,Weird Beard Fade to Black
3,Green Head - Green Party
3,Magic Rock Common Grounds
3,Zakładowy Dział Testowy #2
3,Weird Beard Five O'Clock Shadow 
3,BrewDog vs. Amundsen Mallow Mafia
3,Carlow O'Hara's 51st State IPA
3,Minister  ARE YOU NUTS ?
3,WRCLW Barley Wine Nitro Rum BA
3,PINTA Pumpk'in'Black
3,Golem / White Stork O.D.A.A.L. (One Day As A Lion)
3,Minister Are You Nuts?
3,Funky Fluid Full Time
3,Weird Beard / Northern Monk Habitual Offender
3,Cztery Sciany Session Hacjenda
3,Mc Chouffe
3,Magic Rock / Kissmeyer Salty Kiss
3,Łańcut Rajsky Plyn
3,Deer Bear La Di Da Di
3,Raduga Samurai Rebellion
3,PINTA Risfactor Bourbon BA
3,Golem אובך אובך אובך (Owech Owech Owech Hazy TIPA) Bourbon BA
3,Piwne Podziemie Weird Era
3,Podgórz Owca w Nowej Hucie
3,Weird Beard Hasbean Heavy Fuel
3,Ritterguts Bärentöter - German Sour Gose Bock
3,Łańcut Ryża IPA
3,Perun Behemoth Triumviratus
3,Verhaeghe Echt Kriekenbier
3,Alaskan Smoked Porter
3,Łańcut Flanders Roselare 
3,Harpagan Wombatopata
3,Funky Fluid Gonna Be Late
3,Deer Bear KAME HAME Orange Mango Milkshake IPA
3,Weird Beard Holy Hoppin Hell (Galaxy Motueka)
3,Hoppy Lab Świdnickie Jasne 
3,Maryensztadt #2 Projekt 30
3,Blackberry Farm Barrel Series - Brett Saison 2017
3,Rockmill Get Low
3,Deer Bear Coffee Break
3,Pracownia Piwa Wawelowe Porzeczkowe
3,Deer Bear Sofa King
3,Widawa Fruit Bomb! IPA
3,Łańcut Zawisza Czarny
3,PiwoWarownia / Ghost Twelve Monks
3,Incognito Black IPA
3,St. Bernardus Abt 12
3,Langier Beer Session IPA
3,Artezan Panie, Co Pan?
3,PINTA Fest Oktober
3,Wrężel Tropical Black IIPA
3,Weird Beard Decadence
3,WRCLW Rye RIS Porto & Bourbon Double BA
3,Minister Paradajz
3,Wrężel Grejpfrut IPA
3,Artezan Coffee Kamaz Bourbon BA
3,Carlow O'Hara's Leann Folláin
3,Zakładowy Kontenerowiec
3,Kasteel Rouge
3,Zakładowy 400% normy 
3,Jolly Pumpkin Oro de Calabaza
3,BrewDog Nanny State (0.5%)
3,De Ranke Guldenberg
3,Weird Beard Sour Slave - Mosaic
3,De Molen Hutje & Mutje Woodford Reserve Barrel Aged
3,Birbant Hopsbant Peach Milkshake 
3,Łańcut Das Is Kwass Wiśnia Malina 
3,Cztery Sciany Gość
3,Rodenbach Grand Cru
3,Toccalmatto Maciste Heroic Double IPA
3,Dieu du Ciel! Rigor Mortis Abt
3,The Garage Monks Wiseguy
3,Artezan Pacific Pale Ale
3,Bear Republic Racer 5 IPA
3,Maryensztadt Gorączka Sezonu
3,Przystanek Tlen Summer Ale z hibiskusem
3,Verhaeghe Duchesse De Bourgogne
3,BrewDog Jack Hammer
3,Zakładowy Wniosek Urlopowy
3,Kingpin Amadeo
3,Piwojad Blanka Pinot Blanc & Pinot Noir BA
3,Evil Twin Even More Coco Jesus 
3,Weird Beard Black Perle 3.8 %
3,Łańcut Czarny Piotruś
3,Osowa Góra Bydgoskie Sesyjne
3,Toccalmatto Re Hop
3,De Ranke Hop Harvest 2017
3,St-Feuillien Triple
3,Browar Stu Mostów ART12 / HaandBryggeriet Mango, Strawberry & Raspberry Ale
3,Rockmill Juicy Melody
3,Deer Bear Chocolate Factory
3,Arbor Boomtown Brown
4,Szałpiw Fest Buba
4,Przystanek Tleń Porter Tequila Barrel Aged
4,Jablonowo Russian Imperial Stout
4,Brokreacja Deep Dark Sea Kirschwasser BA
4,PINTA Kwas My
4,Przystanek Tlen Farmhouse Ale
4,Palatum / Piwoteka Aqua Regia
4,Jopen / Browar Stu Mostów Polished Black Gold
4,AleBrowar New England DDH DIPA Simcoe + Mosaic
4,Czarna Owca exlibRIS
4,Pracownia Piwa / Birrificio Italiano Inferno
4,AleBrowar New England DDH DIPA Citra + Galaxy
4,Alebrowar New England DDH DIPA Centennial + Amarillo
4,Zakładowy Pan Portier
4,Trzech Kumpli Taura
4,Brokreacja Imperialny Nafciarz Islay Blend BA
4,WRCLW Barley Wine Nitro Rum BA
4,Piwne Podziemie Triple Vision
4,Jablonowo 16000 h.b.c. Barley Wine Hibiscus
4,Brokreacja Potion #3
4,Funky Fluid Smooth Wheat IPA
4,8 Wired / Pinta Baltyk-Tasman Baltic Porter
4,DUM & Pinta Bałtyk-Atlantico
4,Zamkowy Cieszyn Rye Wine Cieszyńskie
4,PINTA Dożynki
4,Salamander Chocolate Mint Foreign Extra Stout Nitro
4,Wąsosz Piwo Bożonarodzeniowe
4,Wąsosz Opowieść Wigilijna
4,Jurajskie Świąteczne
4,Cydr Chyliczki Sweet Oak 
4,Hopito Swizzy
4,PINTA / Bakunin Warsaw Express Bourbon BA 
4,Deer Bear Blend Battle Vol. 3 Stardust
4,Trzech Kumpli PIA
4,WRCLW Imperial Stout Nitro Bourbon BA
4,Funky Fluid Classic 5 AIPA
4,Jackie O's / Creature Comforts Athens To Athens Grist To Grist
4,PINTA Wesołych Świąt 2018
4,Brokreacja Trip-Hop Galaxy Mosaic Simcoe
4,Grodzisk / Live Oak Grodziskie Imperialne
4,WRCLW Barley Wine
4,Trzech Kumpli Goedemorgen
4,Funky Fluid Funny NEIPA
4,PINTA Wesołych Świąt 2017
4,Cydr Chyliczki Lodowy 2017
4,Deer Bear Czyste Złoto
4,Trzech Kumpli Ragnar
4,Deer Bear Freak Fight
4,Jabłonowo Manufaktura Piwna Porter Podbity Śliwką
4,Jan Olbracht Legenda Króla
4,Olimp Elektra
4,Maryensztadt Projekt Barrel Aged RIS Bowmore Whisky
4,Maryensztadt Projekt Barrel Aged Chocolate Rye RIS Jack Daniels Whiskey
4,Zakładowy Zaprawa
4,De Molen Bloed, Zweet & Tranen (Blood, Sweat & Tears)
4,De Molen Hemel & Aarde (Heaven & Earth)
4,Jackie O's Bourbon Barrel Skipping Stone
4,Dwóch Braci Manolo
4,Brokreacja Imperialny Nafciarz Bunnahabhain BA
4,Kormoran Podroze Kormorana American IPA
4,Amarcord / PINTA Polish-Italian Grape Ale (PIGA)
4,Szpunt / Golem ZeroIBU
4,PINTA Final Call
4,AleBrowar Smoky Joe Fan Edition (2014-)
4,Good Game Clutchmeister
4,Kopyra & Widawa Shark
4,Brokreacja Potion #2
4,Perun Noc Kupały
4,Artezan Too Young To Be Herod 2018
4,Browar Grodzisk Grodziska White IPA
4,Dzika Pszczoła - Mango
4,Rochefort Trappistes 8
4,Szpunt / Golem StoIBU
4,AleBrowar New Wave Gose z Jagodą
4,Piwoteka Łódź, ku*wa!
4,Za Miastem Cicha Noc
4,Birbant Fruity DDH Imperial Citra IPA
4,Maryensztadt Projekt Barrel Aged Barley Wine Laphroaig Whisky
4,Dwóch Braci Łowca
4,The Garage Monks Dudette
4,Pracownia Piwa Honey, I'm Home
4,Perun Furia Burzy
4,Brovaria Porter Bałtycki Barrel Aged
4,PINTA / Bakunin Warsaw Express
4,Maryensztadt Projekt Barrel Aged Wheat Wine Cognac
4,Solipiwko Jason
4,Brokreacja The Blogger 2018
4,Baladin Lune Riserva Teo Musso 2012
4,PINTA Eisbock Grand Prix
4,Widawa Porter Bałtycki Wędzony 24° Bourbon BA
4,De Moersleutel Octane Overlord
4,De Moersleutel Smeerolie Coconut Milkshake
4,PINTA Red Grape Ale
4,PINTA Hazy Morning
4,Rockmill Desmotis
4,Jurajskie Motocyklowe
4,Nepomucen Echo
4,Minister Are You Nuts?
4,Browar na Jurze Różowa Pantera
4,Jurajskie Ale Szopka
5,Wicked Weed Old Fashioned
5,Wizyta Gospodarska
5,Piwoteka Gabinet Iluzji
5,Rockmill Passion Parade
5,Pracownia Piwa Sour Trip: Sweden
5,HaandBryggeriet Xmas IPA
5,De Molen #3000 (White Wine BA)
5,Marble Little Wolf
5,Piwoteka Las Łagiewnicki
5,Lindemans Kriek 
5,Hoppy Lab Świdnickie Jasne 
5,Artezan Zgrana Karta
5,Pracownia Piwa 900!
5,Pracownia Piwa Hazy Side of Life
5,Piwne Podziemie Sezon Ogórkowy
5,Podgórz Diabelski Młyn
5,Monsters Joey
5,Piwojad Muffin
5,Karuzela Sady
5,Dwie Wieże Orki z Majorki
5,Tiny Rebel Hadouken
5,De Molen / Hair of the Dog Binkie Claws (2018) Woodford Reserve BA
5,Dieu du Ciel! Péché Mortel (Bourbon)
5,Artezan Te Czasy Się Skończyły
6,HaandBryggeriet Even S´More Xmas
6,Struise Zombination V (M.A.N.O.L.O.)
6,Pivovar Řeporyje Vánoční světlý speciál
6,Pivovar Řeporyje Ejlik
6,Dvůr Chýně Klasický Ležák 11°
6,Jackie O's Bourbon Barrel Black Maple
6,Zakładowy Dział Testowy #1
6,Wild Beer Zintuki
6,De Molen Juicy Loesie
6,Evil Twin Harlan's Even More Jesus
6,Toppling Goliath Tsunami Pale Ale
6,Durham Diabolus
6,Dieu du Ciel! Immoralité
6,De Molen Hutje & Mutje Woodford Reserve Barrel Aged
6,Wild Beer Smoke 'n' Barrels Islay Whisky Edition
6,Wild Beer Rooting Around - Summer
6,Anchorage Anadromous Belgian Black Bier 
6,Tiny Rebel / Fierce Beer Orange Mocha Frapp Stout
6,Thornbridge Fika
6,Tiny Rebel The Great Cornholio
6,Tiny Rebel Clwb Tropicana
6,Evil Twin / Prairie Bible Belt
6,Melvin 2x4
6,Melvin Hop Shocker
6,Melvin IPA
6,AleSmith Double IPA
6,Lost Abbey Box Set: Track #10 (Bat out of Hell)
6,Flying Monkeys Netherworld Cascadian Dark Ale
6,Original Ritterguts Gose
6,Drakes Drakonic Imperial Stout
6,Evil Twin Every Day, Once A Day, Give Yourself An IPA
6,Saalfelder Jubiläums Bier
6,Evil Twin Bozo Beer
6,Hoppin' Frog Extended Barrel Aged BORIS The Crusher
6,Raduga Apartment
6,Evil Twin Even More Coco Jesus 
6,AleSmith / Pizza Port Logical Choice 
6,Łańcut Pospolite Ruszenie
6,HaandBryggeriet / Cervisiam / Frontaal Death by Disco (Rum barrel aged)
6,Prairie Bomb! Deconstructed: Chili Peppers
6,HaandBryggeriet / Cervisiam / Frontaal Death by Disco
6,Koutský 12° Světlý Ležák 
6,Nickel Brook Kentucky Bastard Bourbon Barrel Aged Imperial Stout
6,Evil Twin Lost Souls
6,Amager / Evil Twin The Real Hr. Frederiksen
6,Tempest Brave New World IPA
6,The Bruery Poterie
6,Prairie Pirate Bomb!
6,Tempest Trimontium 
6,Struise Black Damnation XVIII - Major Tom
6,AleBrowar Single Hop IPA Mosaic BBC
6,Westbrook 7th Anniversary Chocolate and Sea Salt
6,Les Trois Mousquetaires Porter Baltique
6,Lost Coast Indica India Pale Ale
6,Logsdon The Conversion
6,HaandBryggeriet Odin's Tipple
6,Nickel Brook Malevolent Black Imperial India Pale Ale
6,Toppling Goliath Pseudo Sue
6,Lost Abbey Dead Man's Game
6,The Hop Concept Hop Freshener Series: Citra & Simcoe IPA
6,Dieu du Ciel! Rigor Mortis Abt
6,PINTA Kwas Epsilon Wild & Barrel Aged
6,Amager The Sinner Series Gluttony
6,Lindemans Gueuze Cuvée René
6,Weyerbacher Tiny
6,Collective Arts Ransack the Universe IPA
6,Struise Zombination II (L.E.M.M.Y.)
6,Full Sail Session Dark Lager
6,Trzech Kumpli Blackcyl Special Edition
6,Olimp Hestia
6,Klášter Ležák 11°
6,Anchorage The Tide and Its Takers Triple
6,Evil Twin Imperial Biscotti Chili Hazelnut Break
6,Struise Black Damnation XIX - Maestro
6,Dieu du Ciel! / The Alchemist - Moralité
6,3 Fonteinen Hommage
6,Dieu du Ciel! Aphrodisiaque
6,Hütt Naturtrüb
6,Chodovar Černá Desítka 10°
6,Žatec Plavčík
6,Lost Coast Fogcutter Double IPA 
6,Jackie O's Wood Ya Honey
6,Brauerei Simon Weißbier
6,Královar Lehke Svĕtlé Pivo
6,Caldera Mogli - Bourbon Barrel Aged
6,Amager Bonny Beer
6,Jolly Pumpkin Luciernaga  (The Firefly)
6,Dieu du Ciel! Dernière Volonté Brettanomyces
6,Anchorage Galaxy White IPA
6,AleSmith San Diego Pale Ale .394
6,Crooked Stave St. Bretta (Autumn) (Citrus Wildbier)
6,Amager / Edge Brewing Project Granny With A Gun
6,Prairie Bourbon Paradise
6,Heretic Evil Cousin
6,Evil Twin Imperial Biscotti Break Bourbon Maple Syrup Barrel Aged
6,Bear Republic Café Racer 15
6,Aufsesser Zwickl
6,Caldera Mosaic IPA
6,Les Trois Mousquetaires Porter Baltique (Bourbon & Brandy)
6,Anchorage Bitter Monk Belgian Style Double IPA
7,PINTA Atak Chmielu
7,BrewDog Abstrakt AB:24
7,Cztery Ściany Gniazdo
7,Hoppy Lab Xmas Pale Ale
7,PINTA Imperator Bałtycki Sherry Oloroso BA
7,Nepomucen Charlotte
7,Pracownia Piwa Tango z Mango
7,Podgórz 652 m n.p.m.
7,Carlow O'Hara's Irish Stout
7,PINTA Koniec Świata
7,Cztery Ściany Ranzco
7,PINTA Hazy Morning
7,Piwojad Single Tropical Smoothie
7,PINTA Red Grape Ale
7,PINTA Pumpk'in'Black
7,PINTA IIPPAA
7,Zakładowy 300% Normy
7,Pracownia Piwa Hazy Side of Life
7,PINTA Sangriale
7,PINTA Go Deeper
7,PINTA Pszeżytowies
7,PINTA Apetyt Na Życie
7,PINTA A Ja Pale Ale
7,PINTA Pierwsza Pomoc
7,PINTA FanTassie 
7,Rzeka Piwa Bobromir 
7,Nepomucen Forest
7,PINTA Kwas Epsilon
7,PINTA I'm so horny!
7,PINTA Risfactor
7,Piwojad Single Citrus Smoothie
7,Artezan El Líquido Dorado
7,PINTA Risfactor Double BA Bourbon & Rum
7,PINTA Beauty And The Stout
7,PINTA Niedorżnięty
7,PINTA Imperator Bałtycki
7,Podgórz Siostra Bożenka
7,Pracownia Piwa All Inclusive
7,Pracownia Piwa Szkieletor
8,Omnipollo Hypnopompa Marshmallow Stout 
8,Trzech Kumpli Happy Days
8,Pracownia Piwa Smoki i Jednorożce
8,Trzech Kumpli Idiota
8,Schneider Aventinus Weizen-Eisbock
8,Podgórz 10W-40
8,Deer Bear Let's Cook - Sour APA
8,Palatum Messis
8,Salamander Raspberry and Basil Rye Grisette
8,Piwne Podziemie Juicilicious
8,Piwojad RIS 24 Whisky BA
8,Artezan Bałwan
8,Deer Bear Jasumi
8,Trzech Kumpli MVPils
8,Hopium Freddie Maracuy
8,Trzech Kumpli Piwo w Stylu Grodziskie
8,Trzech Kumpli Weizen
8,To Øl Black Bauble (Santa Top Red Version PSD)
8,Rockmill Juicy Delight
8,Zakładowy Wniosek Urlopowy
8,Rockmill Going Dark Jack Daniel’s BA
8,PINTA Imperator Bałtycki
8,Trzech Kumpli Misty
8,Trzech Kumpli Ragnar
8,Solipiwko Baltic Abyss
8,Podgórz 652 m n.p.m.
8,Pracownia Piwa Captain Baltic BA Whiskey Edition
8,Omnipollo / Buxton Original Texas Pecan Ice Cream
8,De Molen Tsarina Esra Imperial Porter
8,Trzech Kumpli Brew Note
8,Trzech Kumpli Szczyt Sezonu
9,Browar Stu Mostów ART22 / Northern Monk DDH DIPL
9,Alebrowar New England DDH DIPA Centennial + Amarillo
9,Trzech Kumpli PIA
9,Profesja Pirat Porto Barrel Aged
9,Deer Bear Freak Fight
9,Maryensztadt #1 Projekt 30
9,Brokreacja Potion #3
9,Chimay Grande Réserve Vieillie En Barriques (2018) Whisky Edition
9,Lervig Barley Wine 2017 BA Bourbon
9,Pracownia Piwa Captain Baltic Winter Edition
9,Fantôme de Noël
9,Cloudwater A•W18 DIPA V2
9,Artezan Too Young To Be Herod 2018
9,Tempest All The Leaves Are Brown Bourbon Barrel
9,Garage / Barrier That Chihuahua
9,Grodzisk / Live Oak Grodziskie Imperialne
9,Brokreacja Trip-Hop Galaxy Mosaic Simcoe
9,Brokreacja Imperialny Nafciarz Bunnahabhain BA
9,PINTA Final Call
9,Pracownia Piwa / To Øl Craft Toøls
9,Siren / Superstition Mind On My Honey
9,Siren / Slim Pickens Accept All Cookies
9,Siren / Basqueland Hawaiian Shake 
9,Boundary Gift
9,Epic Son of a Baptist - Corvus Coffee
9,Laugar Aupa Tovarisch
9,De Dolle Dulle Teve 10º (Mad Bitch)
9,Golem Double Dybuk Laphroaig Barrel-Aged
9,Uiltje Amarillo Armadillo
9,Sori Ensemble Two: DDH Mosaic & Enigma DIPA
9,Uiltje Mosaic Mammoth
9,Bakalář Světlé Výčepní 10°
9,Rockmill I had a dream
9,Põhjala Mets
9,Maryensztadt Gwiazda Północy
9,PINTA Pumpk'in'Black
9,Przystanek Tleń Porter Tequila Barrel Aged
9,Pressure Drop Cast Iron Billy
9,Nepomucen / Widawa Dark Forest
9,Yeastie Boys Pot Kettle Black
9,Przystanek Tleń Sour Cherry Wild Ale White Wine B.A.
9,De Molen / Hair of the Dog Binkie Claws (2018) Woodford Reserve BA
9,Przystanek Tleń Sour Passionfruit Wild Ale Rum B.A.
9,Kingpin Imperial Geezer
9,Central Waters Brewer's Reserve Belgian Style Quadruple Ale
9,8 Wired The Big Smoke
9,Epic Big Bad Baptista
9,Golem Moloch Bourbon BA
9,8 Wired HopWired IPA
9,Szałpiw Fest Buba
9,Golem Milky Moon Rum BA
9,Golem אובך אובך אובך (Owech Owech Owech Hazy TIPA) Bourbon BA
9,Przystanek Tlen Vermont IPA
9,Zakładowy Dział Testowy #2
9,Nepomucen No To Hop
9,Minister Lucky Ghost
9,Bax Bier Ketter
9,Partizan  India Pale Extra Hop Cascade BBC Chinook Centennial 
9,Brokreacja Potion #1
9,Niechanowo / Szałpiw Powidz
9,AleBrowar New England DDH DIPA Simcoe + Mosaic
9,Founders DankWood
9,Rockmill Desmotis
9,PINTA / To Øl Kwas Ny
9,Kormoran Porter Warmiński z Wiśnią
9,Artezan Panie, Co Pan?
9,Wild Beer Wildebeest
9,Bakalár Rezaná Desitka
9,Founders Breakfast Stout
9,Grodzisk Porter Śliwkowy
9,Łańcut Das Is Kwass
9,The Kernel Dry Stout Simcoe
9,De Molen / Tempest Sun & Moon
9,Rockmill 100m
9,Konrad Vratislavický Ležák 11°
9,Łańcut Zawisza Czarny
9,Bax Bier Koud Vuur
9,Fourpure / Sunset Brew Nightfall
9,Anderson Valley G&T Gose
9,Dwie Wieże Saison Red Wine Barrel Aged
9,Czarna Owca Porter Noster Bourbon Barrel Aged
9,Piwoteka Eternal Might
9,Siren Project Barista - Breakfast Shake
9,Tiny Rebel Stay Puft Imperial Chocolate 
9,Anderson Valley Briney Melon Gose
9,Siren Lucky DIPA
9,The Kernel Dry Stout Mandarina Bavaria 
9,Brokreacja Sweet Temptation
9,Flying Dog Double Dog Double IPA
9,Anderson Valley Hop Hyzer
9,Anderson Valley Framboise Rose Gose
9,Fourpure Deucebox
9,Siren / Finback Low Side
9,De Molen Weer & Wind (2016)
9,Piwoteka Dżonka Tomka
9,Laugar Funky Espresso 
9,Doctor Brew Barley Wine
9,Sori Dark Humor Club PX Sherry
9,Nøgne Ø Imperial Stout
9,Rockmill Black Noble
10,PINTA A Nanasy?
10,Trzech Kumpli Otwarcie Sezonu
10,Podgórz Galaktyka Piwnix
10,Podgórz Diabelski Młyn
10,Amager / Edge Brewing Project Granny With A Gun
10,Łańcut Trapper
10,PINTA Quatro
11,Amager Billie the Butcher
11,Artezan Format C:
11,Cloudwater A•W18 Brewed All Season DIPA
11,Dwóch Braci Filemoon
11,Inne Beczki / AleBrowar Wine Not
11,AleBrowar / First Chop I'm not a Pony
11,Alebrowar New England DDH DIPA Centennial + Amarillo
11,DUM & Pinta Bałtyk-Atlantico
11,8 Wired Flat White Coffee Milk Stout
11,Solipiwko Double Nygus
11,Pracownia Piwa / Nemeton Orange Is the New Stout
11,Pracownia Piwa / To Øl Craft Toøls
11,Central Waters Brewer's Reserve Bourbon Barrel Scotch Ale
11,Trzech Kumpli Taura
11,Verzet Kameradski Balsamico
11,Cloudwater A•W18 Small Pale Brewed All Season
11,Trzech Kumpli PIA
11,Omnipollo Pleroma
11,Zakładowy Ciężki Ładunek
11,Zakładowy Wniosek Urlopowy
11,Piwne Podziemie Triple Vision
11,Zakładowy Zaprawa
11,Zakładowy Wypłata
11,Artezan Żukiem Do Rzymu
11,Pracownia Piwa Tango z Mango
11,Olimp Krios
11,Zamkowy Cieszyn Rye Wine Cieszyńskie
11,AleBrowar New England DDH DIPA Citra + Galaxy
11,Garage Triangles
11,Founders Curmudgeon's Better Half
11,Salamander Chocolate Mint Foreign Extra Stout Nitro
11,WRCLW Imperial Stout Nitro Bourbon BA
11,Deer Bear Candy Shop Marshmallow Imperial Stout With Salted Caramel
11,Deer Bear Candy Shop - Nut Cake
11,Deer Bear Freak Fight
11,Pühaste Dekadents
11,Põhjala Cherry Bänger
11,Põhjala Cellar Series - Kolumbus Krisostomus
11,Sori Dark Humor Club Heaven Hill Bourbon BA
11,Põhjala / To Øl / BRUS Cellar Series - 10 Apple Stout
11,Põhjala Cellar Series - Loits
11,Põhjala / Jing-A (京A) Cellar Series -  Early Morning Regrets 
11,Dwie Wieże Flanders Red Ale Red Wine Foeder Aged
11,AleBrowar Saint No More
11,Widawa Hazy Hazi
11,Dwóch Braci Łowca
11,Minne Ardenne Triple au Cognac Léonard
11,Oud Beersel Bersalis Tripel Oak Aged
11,De Ranke XX Bitter 
11,De Dolle Special Extra Export Stout
11,Chimay Grande Réserve Vieillie En Barriques (2018) Whisky Edition
11,Chimay Grande Réserve Vieillie En Barriques (2016) Cognac Edition
11,Chimay Grande Réserve Vieillie En Barriques (2017) Rum Edition
11,Popihn DIPA Mosaic
11,Garage / Barrier That Chihuahua
11,O/O Narangi
11,Garage / Civil Society / 3 Stars Left Saigon
11,The Kernel India Pale Ale Centennial Mosaic Citra
11,ReCraft Strong Ale
11,The Kernel India Pale Ale Citra Bramling Cross
11,AleBrowar New Wave Gose z Jagodą
11,Fortuna Komes Russian Imperial Stout
11,Jopen / Frontaal Yankee Punch
11,Siren / Basqueland Hawaiian Shake 
11,Boundary Gift
11,Golem Double Dybuk Laphroaig Barrel-Aged
11,Sori Ensemble Two: DDH Mosaic & Enigma DIPA
11,Uiltje Mosaic Mammoth
11,Mikkeller 黑 / Black
11,Mikkeller SpontanDoubleRaspberry
11,Epic Big Bad Baptist 
11,Epic Big Bad Baptista
11,Przystanek Tleń Sour Cherry Wild Ale White Wine B.A.
11,Przystanek Tleń Sour Passionfruit Wild Ale Rum B.A.
11,Central Waters Brewer's Reserve Belgian Style Quadruple Ale
11,AleBrowar New England DDH DIPA Simcoe + Mosaic
11,Golem אובך אובך אובך (Owech Owech Owech Hazy TIPA) Bourbon BA
11,Partizan  India Pale Extra Hop Cascade BBC Chinook Centennial 
11,Perun Furia Burzy
11,Kormoran Porter Warmiński z Wiśnią
11,Founders Breakfast Stout
11,Łańcut Das Is Kwass
11,The Kernel Dry Stout Simcoe
11,Łańcut Zawisza Czarny
11,Fourpure / Sunset Brew Nightfall
11,Anderson Valley G&T Gose
11,Siren Project Barista - Breakfast Shake
11,Siren Lucky DIPA
11,The Kernel Dry Stout Mandarina Bavaria 
11,Flying Dog Double Dog Double IPA
11,Tiny Rebel Stay Puft Imperial Chocolate 
11,Siren / Finback Low Side
11,Widawa Pogromca
11,Pracownia Piwa Wawelove
11,Sori Pareto 2017 (Port Wine Barrel-Aged)
11,Sori Conca d'Oro
11,Sori Laudatur XVIII
11,Sori Dark Humor Club Hot Chocolate
11,Sori Dark Humor Club
11,Sori Dark Humor Club Coconut
12,Kraftwerk Midnight Howl
12,Trzech Kumpli Piwo w Stylu Grodziskie
12,Kormoran Porter Warminski
12,Waszczukowe American Pils
12,Gzub White APA
12,PiwoWarownia Pełna Qlturka
12,Profesja Matador
12,Markowy Puszczyk Białowieski
12,Brokreacja Big Boy Passion Fruit
13,Kormoran Imperium Prunum
13,Browar Jana Oktavio 500 Days of Contemplation
13,Szpunt Nigami
13,Zakładowy Wypłata
13,Browanza Second Fiddle
13,Szałpiw Fest Buba
13,Piwoteka Porter Bałucki
13,Raduga Nosferatu
13,Piwoteka Pół Czarnej u "Roszka"
13,Salamander Brut IPA
13,Fortuna Komes Poczwórny Bursztynowy
13,Raduga African Queen
13,Browar Jana Porter Bałtycki
13,PINTA Red Grape Ale
13,Golem / White Stork O.D.A.A.L. (One Day As A Lion)
13,Salamander Blackcurrant Milkshake IPA
13,Anarchia White Vampire
13,Anarchia Anarchy Pale Ale
13,AleBrowar Black Hope
13,Łańcut / Pinta Kryształ
13,La Trappe Blond
13,Lindemans Apple (Pomme)
13,Rockmill Passion Parade
13,Widawa Simcoe Pils
13,Brokreacja Wine Cake Polish Wine BA Vintage 2018
13,Trzech Kumpli Blackcyl Special Edition
13,Nepomucen Nachmielona. Hoptimum
13,Rockmill Juicy Melody
13,PINTA Koniec Świata
14,Tempest Red Eye Flight
14,Rockmill I had a dream
14,Podgórz Galaktyka Piwnix
14,Cztery Ściany Kamper
14,Zakładowy Mleczarz
14,Monsters Wattie
14,Brokreacja The Gravedigger Laphroaig 10 BA
14,Zakładowy Podwójny Wniosek Urlopowy
14,Kingpin Midlife Maestro
14,La Trappe Quadrupel
14,Harpagan Schiza Heretyka
14,Trzech Kumpli Blackcyl
14,Omnipollo Selassie
14,Rockmill Chemistry
14,Rockmill Ministry of Juicy
14,Hopium John Limon
14,Maryensztadt #3 Projekt 30
14,Cigar City Cafe Con Leche Stout
14,American Browar Polska IPA
14,Rockmill Episode 11: Calamansi Milkshake IPA
14,Podgórz Space Sheep
14,Ziemia Obiecana Nudna Belgia
14,De Molen Amarillo
14,Podgórz Sezon Pomarańczowy
14,Tattooed Beer Rosemary
14,Svijanská Kněžna 13°
15,Břeclav Beran 10°
15,Probus Dryton/Grunwald
16,PINTA Dożynki
16,Maryensztadt #3 Projekt 30
16,PINTA / To Øl Kwas Ny
16,The Garage Monks Hop Trigger
16,The Garage Monks Wiseguy
16,PINTA I'm so horny!
16,Lulu Raspberry APA
16,AleBrowar / BrauKunstKeller Herr Axolotl (Raspberry)
16,De Dolle Boskeun
16,Mikkeller Monks Elixir
16,Browar Jana Oktavio 500 Days of Contemplation
16,Dubuisson Cuvée des Trolls
16,Artezan Dodo
16,Artezan Te Czasy Się Skończyły
16,Gzub Melt
16,Lubicz Mistrzowskie
16,PINTA Sangriale
16,Trzy Korony Gazda
16,Maryensztadt Sourtime Blackberry
16,Rzeka Piwa Castor de Cafe
16,Piwne Podziemie / Palatum Mr. Happy
16,Maryensztadt Sourtime Pineapple
16,Łańcut / Pinta Kryształ
16,Golem Mazal Adar Dagim
16,PINTA Son of a Birch
16,Dwie Wieże Cytrusowy Ale
16,Piwne Podziemie Juicilicious
16,Poutnik Pelhrimov Světlý Ležák Prémium 12°
16,Czarna Owca exlibRIS Bourbon Barrel Aged 
16,Solo / Wuhan No.18 Mεσoγειoς Tiao Dong Who Cretan IPA
16,Olimp Maja
16,PiwoWarownia xD
16,Lindemans Cassis Lambic
16,Golem Double Dybuk Bourbon Barrel-Aged
17,PINTA TakAHaka
17,AleBrowar Smoky Joe Fan Edition (2014-)
17,Hopito Jungle Smoothie
17,Olimp Panakeja
17,Harpagan Korkotrampki Popłochu
17,Trzech Kumpli Piece of Cake
17,Piwne Podziemie Summer Freakout
17,PINTA I'm so horny!
17,Trzech Kumpli Misty
17,AleBrowar Hop Sasa
17,Pivovsky Fragola
17,PINTA Sangriale
17,Perun Oblewanie Perperuny Mojito
17,Rockmill Almond Coffeecat
17,Setka Apollo 19
17,Doctor Brew San Escobeer Marakuja
17,Doctor Brew San Escobeer Mango
17,Doctor Brew San Escobeer Pinacolada
17,Doctor Brew San Escobeer Brzoskwinia
17,Huta Piwa / Stary Kraków American Saison
17,Primátor Nealko
17,Faktoria Alcatraz
17,Nepomucen / AleBrowar Lazy Barry
17,Kingpin Pixie Dust
17,Rockmill Passion Parade
17,PINTA Wesołych Świąt 2017
17,Szałpiw Rubus Idaeus Maleficus
17,Piwne Podziemie Juicilicious
17,Rockmill Black Noble
17,Rockmill Illusion
17,Huta Piwa Handlowe
17,Pracownia Piwa Dark Side Of The Milk
17,PiwoWarownia Pożegnanie Korporacji with Cherry Wood
17,PiwoWarownia Rumpelszpunt
17,Podgórz Owca w Tropikach
17,PiwoWarownia Chmielum Polelum
17,Piwne Podziemie Double Ego
17,PINTA Koniec Świata
18,Pracownia Piwa Sour Trip: Sweden
18,Funky Fluid Smooth Wheat IPA
18,PINTA Red Grape Ale
18,Funky Fluid Funny NEIPA
18,Funky Fluid Pils Please
18,PINTA Hazy Morning
18,Szałpiw Fest Buba
18,BrewDog Riptide
18,Lindemans Kriek 
18,Solipiwko Barrel Nygus
18,Piwne Podziemie / Palatum Mr. Happy
18,ReCraft Wee Heavy
18,Jopen Kruistocht van Thomas
18,ReCraft Quadrupel
18,Kormoran Chill Beer
18,Camba Bavaria Black Pearl (Imperial Stout)
18,Piwojad Onyks
18,Grand Champion Birofilia 2014 Dubbel Cieszyński
18,BrewDog Christmas Paradox 2012
18,Nómada Imperial Russian Stout
18,Three Floyds / Mikkeller Hvedegoop
18,De Molen Hel & Verdoemenis Bruichladdich BA
19,Zamkowy Cieszyn Rye Wine Cieszyńskie
19,Palatum US
19,Palatum Illusio
19,Antybrowar Antygrawitacja
19,Antybrowar Antykoncepcja
19,Antybrowar Proboszcz
19,Antybrowar Antyoksydant
19,Rzeka Piwa Belzebóbr
19,Piwoteka Zośka Straszybotka
19,Hopium Violetta Vanillas
19,Hopium Hoppy-Wan Kenhoppy
19,Hopium Vincent Man Gogh
19,Hopium Miroslav Gose
19,PiwoWarownia Kawko i Mlekosz Nu Pagadi
19,PiwoWarownia Pora Na Chmielesfora
19,PiwoWarownia Blada Marija
19,La Pirata ¡Ay, Carmela!
19,Hoppy Lab Earl Grey Pale Ale
19,PiwoWarownia Miętowa Panienka
19,Minister Ein Minister Malina
19,Langier Beer Hazy Crazy
19,Langier Beer Forever White IPA
19,Langier Beer APA
19,Minister Ein Minister
19,Palatum Firmus
19,Palatum Sauria 
19,Palatum Sentencio
19,Rzeka Piwa Grim Beaver
19,Oskar Blues Old Chub
19,Brokreacja Big Boy Apricot
19,Piwojad Blanka
19,Palatum Amicus Tropicus
19,Hopium Fruitger Young	 
19,Palatum Almanicus
19,Hopium Fruitger Hauer
19,Tattooed Beer Suzie Q
19,Brokreacja Big Boy Strawberry
19,Spółdzielczy Gordyjyskie
19,Spółdzielczy Rozwojowe
19,Spółdzielczy Wyblinkowe
19,Rzeka Piwa Prabóbr
19,Pracownia Piwa Troszku NEIPA
19,Pracownia Piwa Kwaśne Przygody Brzoskwinia
19,Artezan Te Czasy Się Skończyły
19,Prairie No Chill
19,Maryensztadt RaISa Espresso
19,Maryensztadt Belgijka Na Drugiej 
19,Pracownia Piwa Dwa Smoki
19,La Pirata / Les Trois Mousquetaires Barcelona Tropical
19,AleSmith Nut Brown English-Style Ale (Bottle and Draft)
19,Piwojad RIS 24 Whisky BA
19,Piwojad Suska
19,Piwojad Single Citrus Smoothie
19,Cztery Ściany Jama
19,Amager / Against The Grain Minor Axident
19,Evil Twin / Omnipollo Half & Half Lemonade Ice Tea IPA
19,Dieu du Ciel! Aphrodisiaque
19,Piwojad Muffin
19,Hopium Mick Lagger
19,Pracownia Piwa Captain Baltic Winter Edition
19,To Øl Gose To Hollywood
19,Pracownia Piwa Sady Modlniczki
19,Pracownia Piwa Hadra
19,Pracownia Piwa All Inclusive
19,Maryensztadt Mysterious IPA
19,To Øl Campale
19,Evil Twin / Omnipollo Pink Lemonade IPA
19,Maryensztadt Sourtime Agrest
19,Dugges Orange Haze
19,Mikkeller Hva Såå?!
19,Põhjala Kirg
19,Staropramen Ležák (Premium Lager / Beer) 12°
19,Maryensztadt Polish Hop(e) 
19,Maryensztadt Czarnolas 
19,Mikkeller Single Hop Nelson Sauvin IPA
20,Brokreacja Imperialny Nafciarz Jack Daniels BA
20,Brokreacja Deep Dark Sea Kirschwasser BA
20,Brokreacja Espressoning
20,Brokreacja The Blogger 2018
20,Brokreacja The Cop
20,Brokreacja Big Boy Strawberry
20,Brokreacja The Gravedigger Bourbon BA
20,Brokreacja Wine Cake Polish Wine BA Vintage 2018
20,Brokreacja Buried Alive
20,Brokreacja Title Role - Salty Mole
20,Brokreacja The Butcher
20,Brokreacja Big Boy Lime
20,Victory Art Brew / Brokreacja Polskoe Shampanskoe
20,Brokreacja Buried Alive Laphroaig Barrel Aged
20,Brokreacja Big Boy Cherry
20,Brokreacja The Blogger 2017
20,Brokreacja The Fighter
20,Brokreacja The Barber
20,Brokreacja Sweet Temptation
20,Brokreacja Imperialny Nafciarz
20,Brokreacja Deep Dark Sea Bourbon Barrel Aged Vintage 2018
20,Brokreacja Battle Master 2017
20,Brokreacja Imperialny Nafciarz Laphroaig BA
20,Brokreacja Certain Death
20,Brokreacja The Blogger 2016 Red Wine BA
20,Brokreacja Big Boy Peach
20,Brokreacja Deep Dark Sea
21,PINTA FanTassie 
21,Szpunt Wormhole Bourbon BA
23,Wild Beer Bruty & the Yeast
23,Maryensztadt Grodzisz
23,Szpunt / Doctor Brew Astronom
23,Flying Dog The Truth Imperial IPA
23,Rodenbach Alexander
23,Tempest Dawsons Kviek
23,Collective Arts Ransack the Universe IPA
23,Pracownia Piwa Smoke In The Sour
23,Browar Jana American Stout
23,Piwojad Single Tropical Smoothie
23,Collective Arts Collective Project: Imperial Porter
23,Fortuna Komes Porter Baltycki Sherry Oloroso
23,Zamkowy Cieszyn Cieszyński Koźlak Dubeltowy
23,Doctor Brew Double Mosaic Orange Acid
23,Wild Beer Nebula
23,Wild Beer / Side Project Rosa Rouge
23,Clock No Idols! 13° India Pale Lager
23,Tiny Rebel Imperial Puft
24,Hopium John Limon
24,Hopium Penelope Trus
24,Szpunt Tianajpa
24,Murphys Irish Stout
24,Naparbier Sandokan 
24,Tattooed Beer Foxy Lady
24,Rockmill Juicy Melody
24,Spółdzielczy / Piwoteka Rożkowe
24,Spółdzielczy Knagowe
24,Spółdzielczy Proste
24,Palatum N44
24,Brokreacja The Butcher
24,Tattooed Beer Sailor Girl
25,Gzub Bombadil
25,Artezan VI
25,Trzech Kumpli Califia
26,T.E.A Time Podgorskie
26,T.E.A Time White Wolf
26,T.E.A Time Triumph
26,T.E.A Time Cherokee
26,T.E.A Time Smooth Hopperator
26,T.E.A Time Nettletrasher
26,T.E.A Time Platinum Blonde
26,T.E.A Time Black Prince
27,Ursa Maior Śnieg na Beniowej
27,Ursa Maior Dziki Kot z Berehów
27,Ursa Maior Dwa Misie
27,Ursa Maior Wataha
27,Ursa Maior Drapieżnik
27,Ursa Maior Sen Bieszczadnika
28,Jablonowo 16000 h.b.c. Barley Wine Hibiscus
30,Perła Chmielowa (Hop Pearl)
30,Perła Export
30,Trzech Kumpli Goedemorgen
30,Trzech Kumpli Szczyt Sezonu
30,Incognito New England IPA
30,Wizyta Gospodarska
30,Kazimierz Spichlerz Europy
30,Golem Cynik
30,Dziki Wschód Kwaśny Olek Czarna Porzeczka
30,Brewski Three Fourteen IPA
30,Trzech Kumpli Happy Days
30,Brewski / Cycle 50 States of Freedom
30,Brewski Red Robot DIPA
30,Trzech Kumpli Piwo w Stylu Grodziskie
30,Kormoran 1 na 100 Pigwowiec i Miód
30,Brewski Barbarian IPA
30,Dwie Wieże Saison Red Wine Barrel Aged
30,Czarna Owca Porter Noster Cognac Barrel Aged
30,Rockmill 100m
30,Jabeerwocky / Profesja Dobosz
30,Tenczynek "P" Milk Stout
30,Tenczynek "P" IPA
30,Golem אובך אובך אובך (Owech Owech Owech Hazy TIPA)
30,Brodacz Marty
30,Trzech Kumpli / Piwne Podziemie Tripadelic
32,Rudy Kot
32,Okocim Žatecký Světlý Ležák
32,Browar Grodzisk Grodziska APA
32,Okocim Polskie Ale
32,Biały Kot
36,Pracownia Piwa Hadra
37,Lubicz Leżak
37,Lubicz Pszeniczne
37,Lubicz Mistrzowskie
37,Lubicz APA
37,Lubicz Zimowe
37,Lubicz Ciemne
37,Lubicz Marcowe
38,Tenczynek "P" American Wheat
43,Jabłonowo Jasne Pełne
43,Jan Olbracht Rzemieślniczy Śmietanka
43,Fortuna Komes Porter Baltycki
43,Rockmill Juicy Delight
45,Grodzisk / Szałpiw Vermont IPA z kocimiętką
48,Golem אובך אובך (Owech Hazy DIPA)
48,Browar Jana Jasne Pełne
49,La Trappe Quadrupel
49,Tenczynek Pils
49,Birbant Atomic Lucy
49,Browar na Jurze La Bella Sicilia 
49,Browar na Jurze Ale Meksyk
49,AleBrowar What a Shot
49,Doctor Brew Experimental Vermont IPA
49,Birbant Jamarillo
49,Belhaven Scottish Ale (US Version)
49,Perun Leśne Runo z wiśnią i czarną porzeczką
51,Książęce Ciemne Łagodne
51,Volfas Engelman Blond
51,Piwoteka Angielka
51,Gloger Koks
51,Łańcut Das Is Kwass Wiśnia Malina 
51,Tenczynek Pils
51,Trzech Kumpli American Beauty
51,Trzech Kumpli Califia
51,Lubuskie Truskawkowe
51,Piwoteka Limonka Hooligans
51,Jurajskie Amerykańska Pszenica
51,Hoplala Perfekcyjna Pani Domu
51,WRCLW Pils
51,Kormoran 1 na 100 Pigwowiec i Miód
51,Gniewosz Na Miodzie Akacjowym
51,Bytów Wojtas Na Gazie - Pils
51,Nook Po Korkach
51,BeerLab Piaseczyńskie Polskie Żyto
51,Kormoran Wisnia w Piwie
51,Staropolski Staropolskie Miodne
51,Hoplala Piękna, Mądra, Zdolna
51,Doctor Brew Pszeniczne
51,Witnica Lubuskie Czeska Dziesiątka
51,Lubuskie o Smaku Aloesu Winogron i Mięty
51,PINTA TakAHaka
51,Browar Jana Owocowy Hefe-Weizen
51,Browar Jana Żytnie IPA
51,Staropolski Whisky Stout
51,Jan Olbracht Rzemieślniczy Piernikowy Foch
51,Browar Jana Gruby Joe
51,Baltika 9 Krepkoe (Strong)
51,Saku Alkoholivaba Õlu
51,PINTA Angielskie Śniadanie
51,Browar Jana Pils
51,Za Miastem Święty Spokój
51,Za Miastem Cichy Wieczór
51,Lindemans Faro
51,Maryensztadt Czarnolas 
51,Bytów Vermont IPA
51,La Trappe Blond
51,Barbakan Jasne
51,Wawelskie Pils 11%
51,Kormoran BezGlutenNowe #1
51,Budweiser Budvar Bud B:Strong (Super Strong)
51,Wąsosz 15 
51,Jan Olbracht Rzemieślniczy  RIS
51,Obolon Bile (White)
51,Konstancin IPA
56,Osowa Góra Singiel
56,Staropolski Karaibski BEERat 
56,Staropolski Cfany ZBEER
56,Fortuna Komes Barley Wine
56,Trzy Korony Nowy Sacz Koźlak
56,Trzy Korony Nowy Sacz Dunkel
56,Gentleman Beskidzki Traper
58,C.K. Browar Vermont IPA
58,C.K. Browar Miodowe
58,C.K. Browar Dunkel
58,C.K. Browar Weizen
58,C.K. Browar Jasne (Pils)
58,C.K. Browar Radler
58,C.K Browar Imbirowe (Ingwer)
58,C.K. Browar AIPA
61,Bierhalle Piwo Ciemne (Dunkel)
62,Revolta Tropical Wheat
62,Ksiaz ( Ksiazecy Specjal )
62,Zamkowy Cieszyn Noszak
62,De Helder -  Semi Dark
62,Profesja Bard
62,Lulu Raspberry APA
62,Raduga African Queen
62,Lulu Mango Hefeweizen
62,Kingpin Intergalactic
62,Karpat Stout 13°
62,Karpat Belgian Wheat IPA 12,5%
62,Karpat Mustang American ALE 13°
62,Karpat Summer California Ale 11.5
62,Łańcut / Pinta Kryształ
62,Łańcut Pospolite Ruszenie
62,Amber Kozlak
62,Lulu coffee stout
62,Tesco Finest Porter
62,Browars HOPIN
62,Stary Browar Kościerzyna Irish Red Ale
62,Waszczukowe Desitka
62,Gościszewo Czarne Krzyżackie
62,Setka Sekwoja
62,Brokreacja The Fighter
62,Faktoria Rio Bravo
62,Birbant Jamarillo
62,Kościerzyna Red Lager
62,Browars Piwo Limanowskie Ale
62,Żywiec Sesyjne IPA
62,Rockmill Episode 10: Rauchbock
62,HedgeHog Cherry Milkshake Stout
62,Jagiełło Nałęczowskie Ciemne
62,Zakarpatske Originalne
62,Wawelskie Pszeniczne
62,Fischer Tradition
62,Bernard Světlý Ležák 12° / Premium / Bohemian Lager
62,Wrężel ABRA
62,Wrężel AIPA
62,PiwoWarownia Córka Młynarza
62,Perun Dziedzictwo Lubelski
62,Waszczukowe Dry Stout
62,Miłosław Warzy Śmiało - Borowikowe Ale
62,Trzech Kumpli Misty
62,Kingpin Most Wanted
62,Faktoria Rio Bravo z jałowcem
62,Piwojad Czternastka
62,Książęce IPA
62,Rockmill Episode 9: American Lager Citra & Simcoe
62,Tesco Finest Unfiltered Wheat Pear
62,Lulu Peach Gose
65,Staropolski Kultowe Karmelowe
65,Amber Po Godzinach Marcowe
66,Stara Zajezdnia Śliwkowe (Plum)
67,Książęce Ciemne Łagodne
69,Gloger Atomowa Babka
69,Lvivske Porter
69,Birra Antoniana Scudata
69,Birra Antoniana Stile Vienna
69,Roman Ale
69,Polczyn-Zdroj / Fuhrmann Swojskie Czarne
69,Gloger Wredna Morga
69,Gloger Koks
69,Złoty Łan APA
69,Tenczynek "P" IPA
69,Browar Jana Pils
69,Zambos Beer Special
72,Browars Risnieft
72,Grand Champion 2016 Fruit Wheat Beer
76,Spiz Pszeniczne (Weizenbier)
76,Spiz Miodowe
76,Spiz Pils
76,Spiz Ciemne (Dunkelbier) 13 %
76,Spiz Jasne
76,Spiz Czekoladowe
76,Spiz AIPA
78,Tyskie Gronie
79,PINTA Shakalaka IPA
79,PINTA Sangriale
81,Kustosz 100% Chmiel Sybilla
81,EB Premium
82,PINTA Modern Drinking
86,Hoplala Pożyczony narzeczony
86,Browar Jana Agrest
86,Hoplala Perfekcyjna Pani Domu
86,Jurajskie Wiśnia w Czekoladzie
86,Hoplala Kiss & Fly
86,Nepomucen / Pinta Viva Śliwa
86,Łańcut Das Is Kwass
88,Grimbergen Optimo Bruno
88,Petrus Aged Pale
88,Petrus Aged Red
88,Petrus Roodbruin
88,Doctor Brew Victoria American IPA
88,Rockmill Maverick
88,BeerLab Piaseczyńskie Polskie Żyto
88,PINTA Pierwsza Pomoc
88,Za Miastem Cichy Wieczór
88,Doctor Brew Experimental Vermont IPA
88,AleBrowar King of Hop
88,Doctor Brew Experimental Summer Ale
88,Gloger Wesołe Ziele
88,Nepomucen Labirytm
88,Amber Żywe
88,Wrężel Miś Wojtek Summer Ale
88,Gloger Bosa Rosa
89,Doctor Brew Honeycomb
89,Browar na Jurze Rycząca Czterdziestka
89,Owocowe Love / Czerwone
90,Primátor Stout
90,Primátor 24 Double
91,PINTA IIPPAA
91,PINTA Hopby
91,PINTA Express IPA
